date,medal_code,medal,code,name,gender,country_code,country,discipline,discipline_code,event_name
2026-02-07,1,GOLD,48729,von ALLMEN Franjo,M,SUI,Switzerland,Alpine Skiing,ALP,Men's Downhill
2026-02-07,2,SILVER,25998,FRANZONI Giovanni,M,ITA,Italy,Alpine Skiing,ALP,Men's Downhill
2026-02-07,3,BRONZE,26002,PARIS Dominik,M,ITA,Italy,Alpine Skiing,ALP,Men's Downhill
2026-02-07,1,GOLD,30739,KARLSSON Frida,F,SWE,Sweden,Cross-Country Skiing,CCS,Women's 10km + 10km Skiathlon
2026-02-07,2,SILVER,30707,ANDERSSON Ebba,F,SWE,Sweden,Cross-Country Skiing,CCS,Women's 10km + 10km Skiathlon
2026-02-07,3,BRONZE,42290,WENG Heidi,F,NOR,Norway,Cross-Country Skiing,CCS,Women's 10km + 10km Skiathlon
2026-02-07,1,GOLD,42353,STROEM Anna Odine,F,NOR,Norway,Ski Jumping,SJP,Women's NH Individual
2026-02-07,2,SILVER,35642,PREVC Nika,F,SLO,Slovenia,Ski Jumping,SJP,Women's NH Individual
2026-02-07,3,BRONZE,42754,MARUYAMA Nozomi,F,JPN,Japan,Ski Jumping,SJP,Women's NH Individual
2026-02-07,1,GOLD,42823,KIMURA Kira,M,JPN,Japan,Snowboard,SBD,Men's Snowboard Big Air
2026-02-07,2,SILVER,42838,KIMATA Ryoma,M,JPN,Japan,Snowboard,SBD,Men's Snowboard Big Air
2026-02-07,3,BRONZE,47418,SU Yiming,M,CHN,China,Snowboard,SBD,Men's Snowboard Big Air
2026-02-07,1,GOLD,22165,LOLLOBRIGIDA Francesca,F,ITA,Italy,Speed Skating,SSK,Women's 3000m
2026-02-07,2,SILVER,42383,WIKLUND Ragne,F,NOR,Norway,Speed Skating,SSK,Women's 3000m
2026-02-07,3,BRONZE,44030,MALTAIS Valerie,F,CAN,Canada,Speed Skating,SSK,Women's 3000m
2026-02-08,1,GOLD,25476,JOHNSON Breezy,F,USA,United States,Alpine Skiing,ALP,Women's Downhill
2026-02-08,2,SILVER,41302,AICHER Emma,F,GER,Germany,Alpine Skiing,ALP,Women's Downhill
2026-02-08,3,BRONZE,6472,GOGGIA Sofia,F,ITA,Italy,Alpine Skiing,ALP,Women's Downhill
2026-02-08,1,GOLD,44694,SIMON Julia,F,FRA,France,Biathlon,BTH,Mixed Relay 4 x 6km (M+W)
2026-02-08,1,GOLD,46398,FILLON MAILLET Quentin,M,FRA,France,Biathlon,BTH,Mixed Relay 4 x 6km (M+W)
2026-02-08,1,GOLD,44685,JEANMONNOT Lou,F,FRA,France,Biathlon,BTH,Mixed Relay 4 x 6km (M+W)
2026-02-08,1,GOLD,44692,PERROT Eric,M,FRA,France,Biathlon,BTH,Mixed Relay 4 x 6km (M+W)
2026-02-08,2,SILVER,22484,VITTOZZI Lisa,F,ITA,Italy,Biathlon,BTH,Mixed Relay 4 x 6km (M+W)
2026-02-08,2,SILVER,6490,GIACOMEL Tommaso,M,ITA,Italy,Biathlon,BTH,Mixed Relay 4 x 6km (M+W)
2026-02-08,2,SILVER,6489,HOFER Lukas,M,ITA,Italy,Biathlon,BTH,Mixed Relay 4 x 6km (M+W)
2026-02-08,2,SILVER,6486,WIERER Dorothea,F,ITA,Italy,Biathlon,BTH,Mixed Relay 4 x 6km (M+W)
2026-02-08,3,BRONZE,41415,NAWRATH Philipp,M,GER,Germany,Biathlon,BTH,Mixed Relay 4 x 6km (M+W)
2026-02-08,3,BRONZE,41425,PREUSS Franziska,F,GER,Germany,Biathlon,BTH,Mixed Relay 4 x 6km (M+W)
2026-02-08,3,BRONZE,41465,STRELOW Justus,M,GER,Germany,Biathlon,BTH,Mixed Relay 4 x 6km (M+W)
2026-02-08,3,BRONZE,41490,VOIGT Vanessa,F,GER,Germany,Biathlon,BTH,Mixed Relay 4 x 6km (M+W)
2026-02-08,1,GOLD,42284,KLAEBO Johannes Hoesflot,M,NOR,Norway,Cross-Country Skiing,CCS,Men's 10km + 10km Skiathlon
2026-02-08,2,SILVER,45591,DESLOGES Mathis,M,FRA,France,Cross-Country Skiing,CCS,Men's 10km + 10km Skiathlon
2026-02-08,3,BRONZE,42285,NYENGET Martin Loewstroem,M,NOR,Norway,Cross-Country Skiing,CCS,Men's 10km + 10km Skiathlon
2026-02-08,1,GOLD,24749,LIU Alysa,F,USA,United States,Figure Skating,FSK,Team Event
2026-02-08,1,GOLD,24779,BATES Evan,M,USA,United States,Figure Skating,FSK,Team Event
2026-02-08,1,GOLD,24804,CHOCK Madison,F,USA,United States,Figure Skating,FSK,Team Event
2026-02-08,1,GOLD,24750,GLENN Amber,F,USA,United States,Figure Skating,FSK,Team Event
2026-02-08,1,GOLD,24770,KAM Ellie,F,USA,United States,Figure Skating,FSK,Team Event
2026-02-08,1,GOLD,24783,MALININ Ilia,M,USA,United States,Figure Skating,FSK,Team Event
2026-02-08,1,GOLD,24765,O'SHEA Danny,M,USA,United States,Figure Skating,FSK,Team Event
2026-02-08,2,SILVER,46227,KIHARA Ryuichi,M,JPN,Japan,Figure Skating,FSK,Team Event
2026-02-08,2,SILVER,46240,MIURA Riku,F,JPN,Japan,Figure Skating,FSK,Team Event
2026-02-08,2,SILVER,46221,KAGIYAMA Yuma,M,JPN,Japan,Figure Skating,FSK,Team Event
2026-02-08,2,SILVER,46263,SAKAMOTO Kaori,F,JPN,Japan,Figure Skating,FSK,Team Event
2026-02-08,2,SILVER,46265,SATO Shun,M,JPN,Japan,Figure Skating,FSK,Team Event
2026-02-08,2,SILVER,46246,MORITA Masaya,M,JPN,Japan,Figure Skating,FSK,Team Event
2026-02-08,2,SILVER,46298,YOSHIDA Utana,F,JPN,Japan,Figure Skating,FSK,Team Event
2026-02-08,3,BRONZE,40582,CONTI Sara,F,ITA,Italy,Figure Skating,FSK,Team Event
2026-02-08,3,BRONZE,40570,FABBRI Marco,M,ITA,Italy,Figure Skating,FSK,Team Event
2026-02-08,3,BRONZE,26523,GRASSL Daniel,M,ITA,Italy,Figure Skating,FSK,Team Event
2026-02-08,3,BRONZE,40569,GUIGNARD Charlene,F,ITA,Italy,Figure Skating,FSK,Team Event
2026-02-08,3,BRONZE,40594,GUTMANN Lara Naki,F,ITA,Italy,Figure Skating,FSK,Team Event
2026-02-08,3,BRONZE,40583,MACII Niccolo,M,ITA,Italy,Figure Skating,FSK,Team Event
2026-02-08,3,BRONZE,40598,RIZZO Matteo,M,ITA,Italy,Figure Skating,FSK,Team Event
2026-02-08,1,GOLD,20086,LANGENHAN Max,M,GER,Germany,Luge,LUG,Men's Singles
2026-02-08,2,SILVER,18026,MUELLER Jonas,M,AUT,Austria,Luge,LUG,Men's Singles
2026-02-08,3,BRONZE,26535,FISCHNALLER Dominik,M,ITA,Italy,Luge,LUG,Men's Singles
2026-02-08,1,GOLD,19240,KARL Benjamin,M,AUT,Austria,Snowboard,SBD,Men's Parallel Giant Slalom
2026-02-08,2,SILVER,42165,KIM Sangkyum,M,KOR,Korea,Snowboard,SBD,Men's Parallel Giant Slalom
2026-02-08,3,BRONZE,19175,ZAMFIROV Tervel,M,BUL,Bulgaria,Snowboard,SBD,Men's Parallel Giant Slalom
2026-02-08,1,GOLD,45479,MADEROVA Zuzana,F,CZE,Czechia,Snowboard,SBD,Women's Parallel Giant Slalom
2026-02-08,2,SILVER,19255,PAYER Sabine,F,AUT,Austria,Snowboard,SBD,Women's Parallel Giant Slalom
2026-02-08,3,BRONZE,22487,DALMASSO Lucia,F,ITA,Italy,Snowboard,SBD,Women's Parallel Giant Slalom
2026-02-08,1,GOLD,42377,EITREM Sander,M,NOR,Norway,Speed Skating,SSK,Men's 5000m
2026-02-08,2,SILVER,43365,JILEK Metodej,M,CZE,Czechia,Speed Skating,SSK,Men's 5000m
2026-02-08,3,BRONZE,22177,LORELLO Riccardo,M,ITA,Italy,Speed Skating,SSK,Men's 5000m
2026-02-09,1,GOLD,48729,von ALLMEN Franjo,M,SUI,Switzerland,Alpine Skiing,ALP,Men's Team Combined
2026-02-09,1,GOLD,48602,NEF Tanguy,M,SUI,Switzerland,Alpine Skiing,ALP,Men's Team Combined
2026-02-09,2,SILVER,48571,MEILLARD Loic,M,SUI,Switzerland,Alpine Skiing,ALP,Men's Team Combined
2026-02-09,2,SILVER,48607,ODERMATT Marco,M,SUI,Switzerland,Alpine Skiing,ALP,Men's Team Combined
2026-02-09,2,SILVER,20284,FELLER Manuel,M,AUT,Austria,Alpine Skiing,ALP,Men's Team Combined
2026-02-09,2,SILVER,20306,KRIECHMAYR Vincent,M,AUT,Austria,Alpine Skiing,ALP,Men's Team Combined
2026-02-09,1,GOLD,48388,GREMAUD Mathilde,F,SUI,Switzerland,Freestyle Skiing,FRS,Women's Freeski Slopestyle
2026-02-09,2,SILVER,40014,GU Ailing Eileen,F,CHN,China,Freestyle Skiing,FRS,Women's Freeski Slopestyle
2026-02-09,3,BRONZE,53480,OLDHAM Megan,F,CAN,Canada,Freestyle Skiing,FRS,Women's Freeski Slopestyle
2026-02-09,1,GOLD,41427,RAIMUND Philipp,M,GER,Germany,Ski Jumping,SJP,Men's NH Individual
2026-02-09,2,SILVER,18684,TOMASIAK Kacper,M,POL,Poland,Ski Jumping,SJP,Men's NH Individual
2026-02-09,3,BRONZE,42742,NIKAIDO Ren,M,JPN,Japan,Ski Jumping,SJP,Men's NH Individual
2026-02-09,3,BRONZE,48337,DESCHWANDEN Gregor,M,SUI,Switzerland,Ski Jumping,SJP,Men's NH Individual
2026-02-09,1,GOLD,42835,MURASE Kokomo,F,JPN,Japan,Snowboard,SBD,Women's Snowboard Big Air
2026-02-09,2,SILVER,20898,SADOWSKI SYNNOTT Zoi,F,NZL,New Zealand,Snowboard,SBD,Women's Snowboard Big Air
2026-02-09,3,BRONZE,42181,YU Seungeun,F,KOR,Korea,Snowboard,SBD,Women's Snowboard Big Air
2026-02-09,1,GOLD,51847,LEERDAM Jutta,F,NED,Netherlands,Speed Skating,SSK,Women's 1000m
2026-02-09,2,SILVER,51795,KOK Femke,F,NED,Netherlands,Speed Skating,SSK,Women's 1000m
2026-02-09,3,BRONZE,36075,TAKAGI Miho,F,JPN,Japan,Speed Skating,SSK,Women's 1000m
2026-02-10,1,GOLD,20303,HUBER Katharina,F,AUT,Austria,Alpine Skiing,ALP,Women's Team Combined
2026-02-10,1,GOLD,20318,RAEDLER Ariane,F,AUT,Austria,Alpine Skiing,ALP,Women's Team Combined
2026-02-10,2,SILVER,41302,AICHER Emma,F,GER,Germany,Alpine Skiing,ALP,Women's Team Combined
2026-02-10,2,SILVER,41728,WEIDLE-WINKELMANN Kira,F,GER,Germany,Alpine Skiing,ALP,Women's Team Combined
2026-02-10,3,BRONZE,25500,MOLTZAN Paula,F,USA,United States,Alpine Skiing,ALP,Women's Team Combined
2026-02-10,3,BRONZE,25482,WILES Jacqueline,F,USA,United States,Alpine Skiing,ALP,Women's Team Combined
2026-02-10,1,GOLD,42244,BOTN Johan-Olav,M,NOR,Norway,Biathlon,BTH,Men's 20km Individual
2026-02-10,2,SILVER,44692,PERROT Eric,M,FRA,France,Biathlon,BTH,Men's 20km Individual
2026-02-10,3,BRONZE,42254,LAEGREID Sturla Holm,M,NOR,Norway,Biathlon,BTH,Men's 20km Individual
2026-02-10,1,GOLD,42284,KLAEBO Johannes Hoesflot,M,NOR,Norway,Cross-Country Skiing,CCS,Men's Sprint Classic
2026-02-10,2,SILVER,23880,OGDEN Ben,M,USA,United States,Cross-Country Skiing,CCS,Men's Sprint Classic
2026-02-10,3,BRONZE,42286,VIKE Oskar Opstad,M,NOR,Norway,Cross-Country Skiing,CCS,Men's Sprint Classic
2026-02-10,1,GOLD,30756,SVAHN Linn,F,SWE,Sweden,Cross-Country Skiing,CCS,Women's Sprint Classic
2026-02-10,2,SILVER,30755,SUNDLING Jonna,F,SWE,Sweden,Cross-Country Skiing,CCS,Women's Sprint Classic
2026-02-10,3,BRONZE,30716,DAHLQVIST Maja,F,SWE,Sweden,Cross-Country Skiing,CCS,Women's Sprint Classic
2026-02-10,1,GOLD,21533,WRANAA Isabella,F,SWE,Sweden,Curling,CUR,Mixed Doubles
2026-02-10,1,GOLD,21542,WRANAA Rasmus,M,SWE,Sweden,Curling,CUR,Mixed Doubles
2026-02-10,2,SILVER,23828,DROPKIN Korey,M,USA,United States,Curling,CUR,Mixed Doubles
2026-02-10,2,SILVER,23814,THIESSE Cory,F,USA,United States,Curling,CUR,Mixed Doubles
2026-02-10,3,BRONZE,25980,CONSTANTINI Stefania,F,ITA,Italy,Curling,CUR,Mixed Doubles
2026-02-10,3,BRONZE,25973,MOSANER Amos,M,ITA,Italy,Curling,CUR,Mixed Doubles
2026-02-10,1,GOLD,42317,RUUD Birk,M,NOR,Norway,Freestyle Skiing,FRS,Men's Freeski Slopestyle
2026-02-10,2,SILVER,24018,HALL Alex,M,USA,United States,Freestyle Skiing,FRS,Men's Freeski Slopestyle
2026-02-10,3,BRONZE,20860,HARRINGTON Luca,M,NZL,New Zealand,Freestyle Skiing,FRS,Men's Freeski Slopestyle
2026-02-10,1,GOLD,20134,TAUBITZ Julia,F,GER,Germany,Luge,LUG,Women's Singles
2026-02-10,2,SILVER,48038,BOTA Elina,F,LAT,Latvia,Luge,LUG,Women's Singles
2026-02-10,3,BRONZE,25223,FARQUHARSON Ashley,F,USA,United States,Luge,LUG,Women's Singles
2026-02-10,1,GOLD,22160,FONTANA Arianna,F,ITA,Italy,Short Track Speed Skating,STK,Mixed Team Relay
2026-02-10,1,GOLD,22161,BETTI Chiara,F,ITA,Italy,Short Track Speed Skating,STK,Mixed Team Relay
2026-02-10,1,GOLD,22159,CONFORTOLA Elisa,F,ITA,Italy,Short Track Speed Skating,STK,Mixed Team Relay
2026-02-10,1,GOLD,22152,NADALINI Thomas,M,ITA,Italy,Short Track Speed Skating,STK,Mixed Team Relay
2026-02-10,1,GOLD,22150,SIGHEL Pietro,M,ITA,Italy,Short Track Speed Skating,STK,Mixed Team Relay
2026-02-10,1,GOLD,22154,SPECHENHAUSER Luca,M,ITA,Italy,Short Track Speed Skating,STK,Mixed Team Relay
2026-02-10,2,SILVER,48853,SARAULT Courtney,F,CAN,Canada,Short Track Speed Skating,STK,Mixed Team Relay
2026-02-10,2,SILVER,48826,DUBOIS Steven,M,CAN,Canada,Short Track Speed Skating,STK,Mixed Team Relay
2026-02-10,2,SILVER,48813,BOUTIN Kim,F,CAN,Canada,Short Track Speed Skating,STK,Mixed Team Relay
2026-02-10,2,SILVER,48814,BRUNELLE Florence,F,CAN,Canada,Short Track Speed Skating,STK,Mixed Team Relay
2026-02-10,2,SILVER,48821,DANDJINOU William,M,CAN,Canada,Short Track Speed Skating,STK,Mixed Team Relay
2026-02-10,2,SILVER,48850,ROUSSEL Felix,M,CAN,Canada,Short Track Speed Skating,STK,Mixed Team Relay
2026-02-10,3,BRONZE,40926,DESMET Hanne,F,BEL,Belgium,Short Track Speed Skating,STK,Mixed Team Relay
2026-02-10,3,BRONZE,40927,DESMET Stijn,M,BEL,Belgium,Short Track Speed Skating,STK,Mixed Team Relay
2026-02-10,3,BRONZE,40950,PETRE Ward,M,BEL,Belgium,Short Track Speed Skating,STK,Mixed Team Relay
2026-02-10,3,BRONZE,41021,den DULK Tineke,F,BEL,Belgium,Short Track Speed Skating,STK,Mixed Team Relay
2026-02-10,1,GOLD,35642,PREVC Nika,F,SLO,Slovenia,Ski Jumping,SJP,Mixed Team
2026-02-10,1,GOLD,35636,PREVC Domen,M,SLO,Slovenia,Ski Jumping,SJP,Mixed Team
2026-02-10,1,GOLD,35626,LANISEK Anze,M,SLO,Slovenia,Ski Jumping,SJP,Mixed Team
2026-02-10,1,GOLD,35664,VODAN Nika,F,SLO,Slovenia,Ski Jumping,SJP,Mixed Team
2026-02-10,2,SILVER,42353,STROEM Anna Odine,F,NOR,Norway,Ski Jumping,SJP,Mixed Team
2026-02-10,2,SILVER,42354,KVANDAL Eirin Maria,F,NOR,Norway,Ski Jumping,SJP,Mixed Team
2026-02-10,2,SILVER,42347,SUNDAL Kristoffer Eriksen,M,NOR,Norway,Ski Jumping,SJP,Mixed Team
2026-02-10,2,SILVER,42348,LINDVIK Marius,M,NOR,Norway,Ski Jumping,SJP,Mixed Team
2026-02-10,3,BRONZE,42742,NIKAIDO Ren,M,JPN,Japan,Ski Jumping,SJP,Mixed Team
2026-02-10,3,BRONZE,42754,MARUYAMA Nozomi,F,JPN,Japan,Ski Jumping,SJP,Mixed Team
2026-02-10,3,BRONZE,42747,KOBAYASHI Ryoyu,M,JPN,Japan,Ski Jumping,SJP,Mixed Team
2026-02-10,3,BRONZE,42756,TAKANASHI Sara,F,JPN,Japan,Ski Jumping,SJP,Mixed Team
2026-02-11,1,GOLD,48729,von ALLMEN Franjo,M,SUI,Switzerland,Alpine Skiing,ALP,Men's Super-G
2026-02-11,2,SILVER,47315,COCHRAN-SIEGLE Ryan,M,USA,United States,Alpine Skiing,ALP,Men's Super-G
2026-02-11,3,BRONZE,48607,ODERMATT Marco,M,SUI,Switzerland,Alpine Skiing,ALP,Men's Super-G
2026-02-11,1,GOLD,44694,SIMON Julia,F,FRA,France,Biathlon,BTH,Women's 15km Individual
2026-02-11,2,SILVER,44685,JEANMONNOT Lou,F,FRA,France,Biathlon,BTH,Women's 15km Individual
2026-02-11,3,BRONZE,20158,HRISTOVA Lora,F,BUL,Bulgaria,Biathlon,BTH,Women's 15km Individual
2026-02-11,1,GOLD,45815,CIZERON Guillaume,M,FRA,France,Figure Skating,FSK,Ice Dance
2026-02-11,1,GOLD,45821,FOURNIER BEAUDRY Laurence,F,FRA,France,Figure Skating,FSK,Ice Dance
2026-02-11,2,SILVER,24779,BATES Evan,M,USA,United States,Figure Skating,FSK,Ice Dance
2026-02-11,2,SILVER,24804,CHOCK Madison,F,USA,United States,Figure Skating,FSK,Ice Dance
2026-02-11,3,BRONZE,47197,GILLES Piper,F,CAN,Canada,Figure Skating,FSK,Ice Dance
2026-02-11,3,BRONZE,47225,POIRIER Paul,M,CAN,Canada,Figure Skating,FSK,Ice Dance
2026-02-11,1,GOLD,24147,LEMLEY Elizabeth,F,USA,United States,Freestyle Skiing,FRS,Women's Moguls
2026-02-11,2,SILVER,24155,KAUF Jaelin,F,USA,United States,Freestyle Skiing,FRS,Women's Moguls
2026-02-11,3,BRONZE,48008,LAFFONT Perrine,F,FRA,France,Freestyle Skiing,FRS,Women's Moguls
2026-02-11,1,GOLD,26540,KAINZWALDNER Simon,M,ITA,Italy,Luge,LUG,Men's Doubles
2026-02-11,1,GOLD,26539,RIEDER Emanuel,M,ITA,Italy,Luge,LUG,Men's Doubles
2026-02-11,2,SILVER,18023,KINDL Wolfgang,M,AUT,Austria,Luge,LUG,Men's Doubles
2026-02-11,2,SILVER,18033,STEU Thomas,M,AUT,Austria,Luge,LUG,Men's Doubles
2026-02-11,3,BRONZE,20031,ARLT Tobias,M,GER,Germany,Luge,LUG,Men's Doubles
2026-02-11,3,BRONZE,20139,WENDL Tobias,M,GER,Germany,Luge,LUG,Men's Doubles
2026-02-11,1,GOLD,26558,OBERHOFER Marion,F,ITA,Italy,Luge,LUG,Women's Doubles
2026-02-11,1,GOLD,26557,VOETTER Andrea,F,ITA,Italy,Luge,LUG,Women's Doubles
2026-02-11,2,SILVER,20049,EITBERGER Dajana,F,GER,Germany,Luge,LUG,Women's Doubles
2026-02-11,2,SILVER,20101,MATSCHINA Magdalena,F,GER,Germany,Luge,LUG,Women's Doubles
2026-02-11,3,BRONZE,18018,EGLE Selina,F,AUT,Austria,Luge,LUG,Women's Doubles
2026-02-11,3,BRONZE,18024,KIPP Lara Michaela,F,AUT,Austria,Luge,LUG,Women's Doubles
2026-02-11,1,GOLD,42330,OFTEBRO Jens Luraas,M,NOR,Norway,Nordic Combined,NCB,Individual Gundersen Normal Hill/10km
2026-02-11,2,SILVER,19966,LAMPARTER Johannes,M,AUT,Austria,Nordic Combined,NCB,Individual Gundersen Normal Hill/10km
2026-02-11,3,BRONZE,45071,HIRVONEN Eero,M,FIN,Finland,Nordic Combined,NCB,Individual Gundersen Normal Hill/10km
2026-02-11,1,GOLD,26864,STOLZ Jordan,M,USA,United States,Speed Skating,SSK,Men's 1000m
2026-02-11,2,SILVER,51781,de BOO Jenning,M,NED,Netherlands,Speed Skating,SSK,Men's 1000m
2026-02-11,3,BRONZE,39871,NING Zhongyan,M,CHN,China,Speed Skating,SSK,Men's 1000m
2026-02-12,1,GOLD,6464,BRIGNONE Federica,F,ITA,Italy,Alpine Skiing,ALP,Women's Super-G
2026-02-12,2,SILVER,42025,MIRADOLI Romane,F,FRA,France,Alpine Skiing,ALP,Women's Super-G
2026-02-12,3,BRONZE,20304,HUETTER Cornelia,F,AUT,Austria,Alpine Skiing,ALP,Women's Super-G
2026-02-12,1,GOLD,30739,KARLSSON Frida,F,SWE,Sweden,Cross-Country Skiing,CCS,Women's 10km Interval Start Free
2026-02-12,2,SILVER,30707,ANDERSSON Ebba,F,SWE,Sweden,Cross-Country Skiing,CCS,Women's 10km Interval Start Free
2026-02-12,3,BRONZE,23904,DIGGINS Jessie,F,USA,United States,Cross-Country Skiing,CCS,Women's 10km Interval Start Free
2026-02-12,1,GOLD,27321,WOODS Cooper,M,AUS,Australia,Freestyle Skiing,FRS,Men's Moguls
2026-02-12,2,SILVER,53458,KINGSBURY Mikael,M,CAN,Canada,Freestyle Skiing,FRS,Men's Moguls
2026-02-12,3,BRONZE,42801,HORISHIMA Ikuma,M,JPN,Japan,Freestyle Skiing,FRS,Men's Moguls
2026-02-12,1,GOLD,20086,LANGENHAN Max,M,GER,Germany,Luge,LUG,Team Relay
2026-02-12,1,GOLD,20134,TAUBITZ Julia,F,GER,Germany,Luge,LUG,Team Relay
2026-02-12,1,GOLD,20049,EITBERGER Dajana,F,GER,Germany,Luge,LUG,Team Relay
2026-02-12,1,GOLD,20101,MATSCHINA Magdalena,F,GER,Germany,Luge,LUG,Team Relay
2026-02-12,1,GOLD,20031,ARLT Tobias,M,GER,Germany,Luge,LUG,Team Relay
2026-02-12,1,GOLD,20139,WENDL Tobias,M,GER,Germany,Luge,LUG,Team Relay
2026-02-12,2,SILVER,18023,KINDL Wolfgang,M,AUT,Austria,Luge,LUG,Team Relay
2026-02-12,2,SILVER,18026,MUELLER Jonas,M,AUT,Austria,Luge,LUG,Team Relay
2026-02-12,2,SILVER,18033,STEU Thomas,M,AUT,Austria,Luge,LUG,Team Relay
2026-02-12,2,SILVER,18018,EGLE Selina,F,AUT,Austria,Luge,LUG,Team Relay
2026-02-12,2,SILVER,18024,KIPP Lara Michaela,F,AUT,Austria,Luge,LUG,Team Relay
2026-02-12,2,SILVER,18031,SCHULTE Lisa,F,AUT,Austria,Luge,LUG,Team Relay
2026-02-12,3,BRONZE,26540,KAINZWALDNER Simon,M,ITA,Italy,Luge,LUG,Team Relay
2026-02-12,3,BRONZE,26558,OBERHOFER Marion,F,ITA,Italy,Luge,LUG,Team Relay
2026-02-12,3,BRONZE,26539,RIEDER Emanuel,M,ITA,Italy,Luge,LUG,Team Relay
2026-02-12,3,BRONZE,26557,VOETTER Andrea,F,ITA,Italy,Luge,LUG,Team Relay
2026-02-12,3,BRONZE,26535,FISCHNALLER Dominik,M,ITA,Italy,Luge,LUG,Team Relay
2026-02-12,3,BRONZE,26563,HOFER Verena,F,ITA,Italy,Luge,LUG,Team Relay
2026-02-12,1,GOLD,51717,van 'T WOUT Jens,M,NED,Netherlands,Short Track Speed Skating,STK,Men's 1000m
2026-02-12,2,SILVER,35958,SUN Long,M,CHN,China,Short Track Speed Skating,STK,Men's 1000m
2026-02-12,3,BRONZE,44460,RIM Jongun,M,KOR,Korea,Short Track Speed Skating,STK,Men's 1000m
2026-02-12,1,GOLD,51708,VELZEBOER Xandra,F,NED,Netherlands,Short Track Speed Skating,STK,Women's 500m
2026-02-12,2,SILVER,22160,FONTANA Arianna,F,ITA,Italy,Short Track Speed Skating,STK,Women's 500m
2026-02-12,3,BRONZE,48853,SARAULT Courtney,F,CAN,Canada,Short Track Speed Skating,STK,Women's 500m
2026-02-12,1,GOLD,19235,HAEMMERLE Alessandro,M,AUT,Austria,Snowboard,SBD,Men's Snowboard Cross
2026-02-12,2,SILVER,53748,GRONDIN Eliot,M,CAN,Canada,Snowboard,SBD,Men's Snowboard Cross
2026-02-12,3,BRONZE,19229,DUSEK Jakob,M,AUT,Austria,Snowboard,SBD,Men's Snowboard Cross
2026-02-12,1,GOLD,42179,CHOI Gaon,F,KOR,Korea,Snowboard,SBD,Women's Snowboard Halfpipe
2026-02-12,2,SILVER,25527,KIM Chloe,F,USA,United States,Snowboard,SBD,Women's Snowboard Halfpipe
2026-02-12,3,BRONZE,42843,ONO Mitsuki,F,JPN,Japan,Snowboard,SBD,Women's Snowboard Halfpipe
2026-02-12,1,GOLD,22165,LOLLOBRIGIDA Francesca,F,ITA,Italy,Speed Skating,SSK,Women's 5000m
2026-02-12,2,SILVER,51772,CONIJN Merel,F,NED,Netherlands,Speed Skating,SSK,Women's 5000m
2026-02-12,3,BRONZE,42383,WIKLUND Ragne,F,NOR,Norway,Speed Skating,SSK,Women's 5000m
2026-02-13,1,GOLD,46398,FILLON MAILLET Quentin,M,FRA,France,Biathlon,BTH,Men's 10km Sprint
2026-02-13,2,SILVER,42238,CHRISTIANSEN Vetle Sjaastad,M,NOR,Norway,Biathlon,BTH,Men's 10km Sprint
2026-02-13,3,BRONZE,42254,LAEGREID Sturla Holm,M,NOR,Norway,Biathlon,BTH,Men's 10km Sprint
2026-02-13,1,GOLD,42284,KLAEBO Johannes Hoesflot,M,NOR,Norway,Cross-Country Skiing,CCS,Men's 10km Interval Start Free
2026-02-13,2,SILVER,45591,DESLOGES Mathis,M,FRA,France,Cross-Country Skiing,CCS,Men's 10km Interval Start Free
2026-02-13,3,BRONZE,42239,HEDEGART Einar,M,NOR,Norway,Cross-Country Skiing,CCS,Men's 10km Interval Start Free
2026-02-13,1,GOLD,28158,SHAIDOROV Mikhail,M,KAZ,Kazakhstan,Figure Skating,FSK,Men Single Skating
2026-02-13,2,SILVER,46221,KAGIYAMA Yuma,M,JPN,Japan,Figure Skating,FSK,Men Single Skating
2026-02-13,3,BRONZE,46265,SATO Shun,M,JPN,Japan,Figure Skating,FSK,Men Single Skating
2026-02-13,1,GOLD,38200,WESTON Matt,M,GBR,Great Britain,Skeleton,SKN,Men
2026-02-13,2,SILVER,20075,JUNGK Axel,M,GER,Germany,Skeleton,SKN,Men
2026-02-13,3,BRONZE,20064,GROTHEER Christopher,M,GER,Germany,Skeleton,SKN,Men
2026-02-13,1,GOLD,42847,TOTSUKA Yuto,M,JPN,Japan,Snowboard,SBD,Men's Snowboard Halfpipe
2026-02-13,2,SILVER,25781,JAMES Scotty,M,AUS,Australia,Snowboard,SBD,Men's Snowboard Halfpipe
2026-02-13,3,BRONZE,42828,YAMADA Ryusei,M,JPN,Japan,Snowboard,SBD,Men's Snowboard Halfpipe
2026-02-13,1,GOLD,25783,BAFF Josie,F,AUS,Australia,Snowboard,SBD,Women's Snowboard Cross
2026-02-13,2,SILVER,45459,ADAMCZYKOVA Eva,F,CZE,Czechia,Snowboard,SBD,Women's Snowboard Cross
2026-02-13,3,BRONZE,22740,MOIOLI Michela,F,ITA,Italy,Snowboard,SBD,Women's Snowboard Cross
2026-02-13,1,GOLD,43365,JILEK Metodej,M,CZE,Czechia,Speed Skating,SSK,Men's 10000m
2026-02-13,2,SILVER,23395,SEMIRUNNIY Vladimir,M,POL,Poland,Speed Skating,SSK,Men's 10000m
2026-02-13,3,BRONZE,51770,BERGSMA Jorrit,M,NED,Netherlands,Speed Skating,SSK,Men's 10000m
2026-02-14,1,GOLD,39552,PINHEIRO BRAATHEN Lucas,M,BRA,Brazil,Alpine Skiing,ALP,Men's Giant Slalom
2026-02-14,2,SILVER,48607,ODERMATT Marco,M,SUI,Switzerland,Alpine Skiing,ALP,Men's Giant Slalom
2026-02-14,3,BRONZE,48571,MEILLARD Loic,M,SUI,Switzerland,Alpine Skiing,ALP,Men's Giant Slalom
2026-02-14,1,GOLD,42268,KIRKEEIDE Maren,F,NOR,Norway,Biathlon,BTH,Women's 7.5km Sprint
2026-02-14,2,SILVER,44690,MICHELON Oceane,F,FRA,France,Biathlon,BTH,Women's 7.5km Sprint
2026-02-14,3,BRONZE,44685,JEANMONNOT Lou,F,FRA,France,Biathlon,BTH,Women's 7.5km Sprint
2026-02-14,1,GOLD,42290,WENG Heidi,F,NOR,Norway,Cross-Country Skiing,CCS,Women's 4 x 7.5km Relay
2026-02-14,1,GOLD,42293,FOSNAES Kristin Austgulen,F,NOR,Norway,Cross-Country Skiing,CCS,Women's 4 x 7.5km Relay
2026-02-14,1,GOLD,139894,SIMPSON-LARSEN Karoline,F,NOR,Norway,Cross-Country Skiing,CCS,Women's 4 x 7.5km Relay
2026-02-14,1,GOLD,42289,SLIND Astrid Oeyre,F,NOR,Norway,Cross-Country Skiing,CCS,Women's 4 x 7.5km Relay
2026-02-14,2,SILVER,30707,ANDERSSON Ebba,F,SWE,Sweden,Cross-Country Skiing,CCS,Women's 4 x 7.5km Relay
2026-02-14,2,SILVER,30739,KARLSSON Frida,F,SWE,Sweden,Cross-Country Skiing,CCS,Women's 4 x 7.5km Relay
2026-02-14,2,SILVER,30755,SUNDLING Jonna,F,SWE,Sweden,Cross-Country Skiing,CCS,Women's 4 x 7.5km Relay
2026-02-14,2,SILVER,30756,SVAHN Linn,F,SWE,Sweden,Cross-Country Skiing,CCS,Women's 4 x 7.5km Relay
2026-02-14,3,BRONZE,45022,JOENSUU Jasmi,F,FIN,Finland,Cross-Country Skiing,CCS,Women's 4 x 7.5km Relay
2026-02-14,3,BRONZE,45035,MATINTALO Johanna,F,FIN,Finland,Cross-Country Skiing,CCS,Women's 4 x 7.5km Relay
2026-02-14,3,BRONZE,45040,NISKANEN Kerttu,F,FIN,Finland,Cross-Country Skiing,CCS,Women's 4 x 7.5km Relay
2026-02-14,3,BRONZE,45329,RYYTTY Vilma,F,FIN,Finland,Cross-Country Skiing,CCS,Women's 4 x 7.5km Relay
2026-02-14,1,GOLD,27331,ANTHONY Jakara,F,AUS,Australia,Freestyle Skiing,FRS,Women's Dual Moguls
2026-02-14,2,SILVER,24155,KAUF Jaelin,F,USA,United States,Freestyle Skiing,FRS,Women's Dual Moguls
2026-02-14,3,BRONZE,24147,LEMLEY Elizabeth,F,USA,United States,Freestyle Skiing,FRS,Women's Dual Moguls
2026-02-14,1,GOLD,51717,van 'T WOUT Jens,M,NED,Netherlands,Short Track Speed Skating,STK,Men's 1500m
2026-02-14,2,SILVER,44461,HWANG Daeheon,M,KOR,Korea,Short Track Speed Skating,STK,Men's 1500m
2026-02-14,3,BRONZE,46829,KRUZBERGS Roberts,M,LAT,Latvia,Short Track Speed Skating,STK,Men's 1500m
2026-02-14,1,GOLD,19576,FLOCK Janine,F,AUT,Austria,Skeleton,SKN,Women
2026-02-14,2,SILVER,20083,KREHER Susanne,F,GER,Germany,Skeleton,SKN,Women
2026-02-14,3,BRONZE,20113,PFEIFER Jacqueline,F,GER,Germany,Skeleton,SKN,Women
2026-02-14,1,GOLD,35636,PREVC Domen,M,SLO,Slovenia,Ski Jumping,SJP,Men's LH Individual
2026-02-14,2,SILVER,42742,NIKAIDO Ren,M,JPN,Japan,Ski Jumping,SJP,Men's LH Individual
2026-02-14,3,BRONZE,18684,TOMASIAK Kacper,M,POL,Poland,Ski Jumping,SJP,Men's LH Individual
2026-02-14,1,GOLD,26864,STOLZ Jordan,M,USA,United States,Speed Skating,SSK,Men's 500m
2026-02-14,2,SILVER,51781,de BOO Jenning,M,NED,Netherlands,Speed Skating,SSK,Men's 500m
2026-02-14,3,BRONZE,44008,DUBREUIL Laurent,M,CAN,Canada,Speed Skating,SSK,Men's 500m
2026-02-15,1,GOLD,6464,BRIGNONE Federica,F,ITA,Italy,Alpine Skiing,ALP,Women's Giant Slalom
2026-02-15,2,SILVER,42237,STJERNESUND Thea Louise,F,NOR,Norway,Alpine Skiing,ALP,Women's Giant Slalom
2026-02-15,2,SILVER,27515,HECTOR Sara,F,SWE,Sweden,Alpine Skiing,ALP,Women's Giant Slalom
2026-02-15,1,GOLD,21787,PONSILUOMA Martin,M,SWE,Sweden,Biathlon,BTH,Men's 12.5km Pursuit
2026-02-15,2,SILVER,42254,LAEGREID Sturla Holm,M,NOR,Norway,Biathlon,BTH,Men's 12.5km Pursuit
2026-02-15,3,BRONZE,44684,JACQUELIN Emilien,M,FRA,France,Biathlon,BTH,Men's 12.5km Pursuit
2026-02-15,1,GOLD,22484,VITTOZZI Lisa,F,ITA,Italy,Biathlon,BTH,Women's 10km Pursuit
2026-02-15,2,SILVER,42268,KIRKEEIDE Maren,F,NOR,Norway,Biathlon,BTH,Women's 10km Pursuit
2026-02-15,3,BRONZE,45010,MINKKINEN Suvi,F,FIN,Finland,Biathlon,BTH,Women's 10km Pursuit
2026-02-15,1,GOLD,42284,KLAEBO Johannes Hoesflot,M,NOR,Norway,Cross-Country Skiing,CCS,Men's 4 x 7.5km Relay
2026-02-15,1,GOLD,42239,HEDEGART Einar,M,NOR,Norway,Cross-Country Skiing,CCS,Men's 4 x 7.5km Relay
2026-02-15,1,GOLD,42285,NYENGET Martin Loewstroem,M,NOR,Norway,Cross-Country Skiing,CCS,Men's 4 x 7.5km Relay
2026-02-15,1,GOLD,139897,IVERSEN Emil,M,NOR,Norway,Cross-Country Skiing,CCS,Men's 4 x 7.5km Relay
2026-02-15,2,SILVER,45591,DESLOGES Mathis,M,FRA,France,Cross-Country Skiing,CCS,Men's 4 x 7.5km Relay
2026-02-15,2,SILVER,45603,LAPALUS Hugo,M,FRA,France,Cross-Country Skiing,CCS,Men's 4 x 7.5km Relay
2026-02-15,2,SILVER,46443,LOVERA Victor,M,FRA,France,Cross-Country Skiing,CCS,Men's 4 x 7.5km Relay
2026-02-15,2,SILVER,45616,SCHELY Theo,M,FRA,France,Cross-Country Skiing,CCS,Men's 4 x 7.5km Relay
2026-02-15,3,BRONZE,22212,BARP Elia,M,ITA,Italy,Cross-Country Skiing,CCS,Men's 4 x 7.5km Relay
2026-02-15,3,BRONZE,26631,PELLEGRINO Federico,M,ITA,Italy,Cross-Country Skiing,CCS,Men's 4 x 7.5km Relay
2026-02-15,3,BRONZE,170798,CAROLLO Martino,M,ITA,Italy,Cross-Country Skiing,CCS,Men's 4 x 7.5km Relay
2026-02-15,3,BRONZE,22211,GRAZ Davide,M,ITA,Italy,Cross-Country Skiing,CCS,Men's 4 x 7.5km Relay
2026-02-15,1,GOLD,53458,KINGSBURY Mikael,M,CAN,Canada,Freestyle Skiing,FRS,Men's Dual Moguls
2026-02-15,2,SILVER,42801,HORISHIMA Ikuma,M,JPN,Japan,Freestyle Skiing,FRS,Men's Dual Moguls
2026-02-15,3,BRONZE,27340,GRAHAM Matt,M,AUS,Australia,Freestyle Skiing,FRS,Men's Dual Moguls
2026-02-15,1,GOLD,38200,WESTON Matt,M,GBR,Great Britain,Skeleton,SKN,Mixed Team
2026-02-15,1,GOLD,38196,STOECKER Tabitha,F,GBR,Great Britain,Skeleton,SKN,Mixed Team
2026-02-15,2,SILVER,20075,JUNGK Axel,M,GER,Germany,Skeleton,SKN,Mixed Team
2026-02-15,2,SILVER,20083,KREHER Susanne,F,GER,Germany,Skeleton,SKN,Mixed Team
2026-02-15,3,BRONZE,20064,GROTHEER Christopher,M,GER,Germany,Skeleton,SKN,Mixed Team
2026-02-15,3,BRONZE,20113,PFEIFER Jacqueline,F,GER,Germany,Skeleton,SKN,Mixed Team
2026-02-15,1,GOLD,42353,STROEM Anna Odine,F,NOR,Norway,Ski Jumping,SJP,Women's LH Individual
2026-02-15,2,SILVER,42354,KVANDAL Eirin Maria,F,NOR,Norway,Ski Jumping,SJP,Women's LH Individual
2026-02-15,3,BRONZE,35642,PREVC Nika,F,SLO,Slovenia,Ski Jumping,SJP,Women's LH Individual
2026-02-15,1,GOLD,39328,BANKES Charlotte,F,GBR,Great Britain,Snowboard,SBD,Mixed Team Snowboard Cross
2026-02-15,1,GOLD,39394,NIGHTINGALE Huw,M,GBR,Great Britain,Snowboard,SBD,Mixed Team Snowboard Cross
2026-02-15,2,SILVER,22740,MOIOLI Michela,F,ITA,Italy,Snowboard,SBD,Mixed Team Snowboard Cross
2026-02-15,2,SILVER,22747,SOMMARIVA Lorenzo,M,ITA,Italy,Snowboard,SBD,Mixed Team Snowboard Cross
2026-02-15,3,BRONZE,50039,BOZZOLO Loan,M,FRA,France,Snowboard,SBD,Mixed Team Snowboard Cross
2026-02-15,3,BRONZE,50041,CASTA Lea,F,FRA,France,Snowboard,SBD,Mixed Team Snowboard Cross
2026-02-15,1,GOLD,51795,KOK Femke,F,NED,Netherlands,Speed Skating,SSK,Women's 500m
2026-02-15,2,SILVER,51847,LEERDAM Jutta,F,NED,Netherlands,Speed Skating,SSK,Women's 500m
2026-02-15,3,BRONZE,36075,TAKAGI Miho,F,JPN,Japan,Speed Skating,SSK,Women's 500m
2026-02-16,1,GOLD,48571,MEILLARD Loic,M,SUI,Switzerland,Alpine Skiing,ALP,Men's Slalom
2026-02-16,2,SILVER,20294,GSTREIN Fabio,M,AUT,Austria,Alpine Skiing,ALP,Men's Slalom
2026-02-16,3,BRONZE,42227,KRISTOFFERSEN Henrik,M,NOR,Norway,Alpine Skiing,ALP,Men's Slalom
2026-02-16,1,GOLD,23298,MEYERS TAYLOR Elana,F,USA,United States,Bobsleigh,BOB,Women's Monobob
2026-02-16,2,SILVER,20106,NOLTE Laura,F,GER,Germany,Bobsleigh,BOB,Women's Monobob
2026-02-16,3,BRONZE,23320,ARMBRUSTER HUMPHRIES Kaillie,F,USA,United States,Bobsleigh,BOB,Women's Monobob
2026-02-16,1,GOLD,46227,KIHARA Ryuichi,M,JPN,Japan,Figure Skating,FSK,Pair Skating
2026-02-16,1,GOLD,46240,MIURA Riku,F,JPN,Japan,Figure Skating,FSK,Pair Skating
2026-02-16,2,SILVER,46702,BERULAVA Luka,M,GEO,Georgia,Figure Skating,FSK,Pair Skating
2026-02-16,2,SILVER,52299,METELKINA Anastasiia,F,GEO,Georgia,Figure Skating,FSK,Pair Skating
2026-02-16,3,BRONZE,18385,HASE Minerva Fabienne,F,GER,Germany,Figure Skating,FSK,Pair Skating
2026-02-16,3,BRONZE,18402,VOLODIN Nikita,M,GER,Germany,Figure Skating,FSK,Pair Skating
2026-02-16,1,GOLD,53480,OLDHAM Megan,F,CAN,Canada,Freestyle Skiing,FRS,Women's Freeski Big Air
2026-02-16,2,SILVER,40014,GU Ailing Eileen,F,CHN,China,Freestyle Skiing,FRS,Women's Freeski Big Air
2026-02-16,3,BRONZE,7871,TABANELLI Flora,F,ITA,Italy,Freestyle Skiing,FRS,Women's Freeski Big Air
2026-02-16,1,GOLD,51708,VELZEBOER Xandra,F,NED,Netherlands,Short Track Speed Skating,STK,Women's 1000m
2026-02-16,2,SILVER,48853,SARAULT Courtney,F,CAN,Canada,Short Track Speed Skating,STK,Women's 1000m
2026-02-16,3,BRONZE,44450,KIM Gilli,F,KOR,Korea,Short Track Speed Skating,STK,Women's 1000m
2026-02-16,1,GOLD,19956,EMBACHER Stephan,M,AUT,Austria,Ski Jumping,SJP,Men's Super Team
2026-02-16,1,GOLD,19961,HOERL Jan,M,AUT,Austria,Ski Jumping,SJP,Men's Super Team
2026-02-16,2,SILVER,18684,TOMASIAK Kacper,M,POL,Poland,Ski Jumping,SJP,Men's Super Team
2026-02-16,2,SILVER,18677,WASEK Pawel,M,POL,Poland,Ski Jumping,SJP,Men's Super Team
2026-02-16,3,BRONZE,42347,SUNDAL Kristoffer Eriksen,M,NOR,Norway,Ski Jumping,SJP,Men's Super Team
2026-02-16,3,BRONZE,42346,FORFANG Johann Andre,M,NOR,Norway,Ski Jumping,SJP,Men's Super Team
2026-02-17,1,GOLD,46398,FILLON MAILLET Quentin,M,FRA,France,Biathlon,BTH,Men's 4 x 7.5km Relay
2026-02-17,1,GOLD,44692,PERROT Eric,M,FRA,France,Biathlon,BTH,Men's 4 x 7.5km Relay
2026-02-17,1,GOLD,44684,JACQUELIN Emilien,M,FRA,France,Biathlon,BTH,Men's 4 x 7.5km Relay
2026-02-17,1,GOLD,44675,CLAUDE Fabien,M,FRA,France,Biathlon,BTH,Men's 4 x 7.5km Relay
2026-02-17,2,SILVER,42254,LAEGREID Sturla Holm,M,NOR,Norway,Biathlon,BTH,Men's 4 x 7.5km Relay
2026-02-17,2,SILVER,42244,BOTN Johan-Olav,M,NOR,Norway,Biathlon,BTH,Men's 4 x 7.5km Relay
2026-02-17,2,SILVER,42238,CHRISTIANSEN Vetle Sjaastad,M,NOR,Norway,Biathlon,BTH,Men's 4 x 7.5km Relay
2026-02-17,2,SILVER,42248,ULDAL Martin,M,NOR,Norway,Biathlon,BTH,Men's 4 x 7.5km Relay
2026-02-17,3,BRONZE,21787,PONSILUOMA Martin,M,SWE,Sweden,Biathlon,BTH,Men's 4 x 7.5km Relay
2026-02-17,3,BRONZE,21766,BRANDT Viktor,M,SWE,Sweden,Biathlon,BTH,Men's 4 x 7.5km Relay
2026-02-17,3,BRONZE,21780,NELIN Jesper,M,SWE,Sweden,Biathlon,BTH,Men's 4 x 7.5km Relay
2026-02-17,3,BRONZE,29464,SAMUELSSON Sebastian,M,SWE,Sweden,Biathlon,BTH,Men's 4 x 7.5km Relay
2026-02-17,1,GOLD,20055,FLEISCHHAUER Georg,M,GER,Germany,Bobsleigh,BOB,2-man
2026-02-17,1,GOLD,20095,LOCHNER Johannes,M,GER,Germany,Bobsleigh,BOB,2-man
2026-02-17,2,SILVER,20057,FRIEDRICH Francesco,M,GER,Germany,Bobsleigh,BOB,2-man
2026-02-17,2,SILVER,20125,SCHULLER Alexander,M,GER,Germany,Bobsleigh,BOB,2-man
2026-02-17,3,BRONZE,20029,AMMOUR Adam,M,GER,Germany,Bobsleigh,BOB,2-man
2026-02-17,3,BRONZE,20120,SCHALLER Alexander,M,GER,Germany,Bobsleigh,BOB,2-man
2026-02-17,1,GOLD,42321,FROSTAD Tormod,M,NOR,Norway,Freestyle Skiing,FRS,Men's Freeski Big Air
2026-02-17,2,SILVER,24069,FOREHAND Mac,M,USA,United States,Freestyle Skiing,FRS,Men's Freeski Big Air
2026-02-17,3,BRONZE,19262,SVANCER Matej,M,AUT,Austria,Freestyle Skiing,FRS,Men's Freeski Big Air
2026-02-17,1,GOLD,42330,OFTEBRO Jens Luraas,M,NOR,Norway,Nordic Combined,NCB,Individual Gundersen Large Hill/10km
2026-02-17,2,SILVER,19966,LAMPARTER Johannes,M,AUT,Austria,Nordic Combined,NCB,Individual Gundersen Large Hill/10km
2026-02-17,3,BRONZE,45070,HEROLA Ilkka,M,FIN,Finland,Nordic Combined,NCB,Individual Gundersen Large Hill/10km
2026-02-17,1,GOLD,22173,GIOVANNINI Andrea,M,ITA,Italy,Speed Skating,SSK,Men's Team Pursuit
2026-02-17,1,GOLD,22174,GHIOTTO Davide,M,ITA,Italy,Speed Skating,SSK,Men's Team Pursuit
2026-02-17,1,GOLD,22175,MALFATTI Michele,M,ITA,Italy,Speed Skating,SSK,Men's Team Pursuit
2026-02-17,2,SILVER,26854,CEPURAN Ethan,M,USA,United States,Speed Skating,SSK,Men's Team Pursuit
2026-02-17,2,SILVER,26842,DAWSON Casey,M,USA,United States,Speed Skating,SSK,Men's Team Pursuit
2026-02-17,2,SILVER,26851,LEHMAN Emery,M,USA,United States,Speed Skating,SSK,Men's Team Pursuit
2026-02-17,3,BRONZE,39871,NING Zhongyan,M,CHN,China,Speed Skating,SSK,Men's Team Pursuit
2026-02-17,3,BRONZE,39894,LI Wenhao,M,CHN,China,Speed Skating,SSK,Men's Team Pursuit
2026-02-17,3,BRONZE,39882,LIU Hanbin,M,CHN,China,Speed Skating,SSK,Men's Team Pursuit
2026-02-17,3,BRONZE,39886,WU Yu,M,CHN,China,Speed Skating,SSK,Men's Team Pursuit
2026-02-17,1,GOLD,44030,MALTAIS Valerie,F,CAN,Canada,Speed Skating,SSK,Women's Team Pursuit
2026-02-17,1,GOLD,43996,BLONDIN Ivanie,F,CAN,Canada,Speed Skating,SSK,Women's Team Pursuit
2026-02-17,1,GOLD,42559,WEIDEMANN Isabelle,F,CAN,Canada,Speed Skating,SSK,Women's Team Pursuit
2026-02-17,2,SILVER,51774,GROENEWOUD Marijke,F,NED,Netherlands,Speed Skating,SSK,Women's Team Pursuit
2026-02-17,2,SILVER,51793,RIJPMA-de JONG Antoinette,F,NED,Netherlands,Speed Skating,SSK,Women's Team Pursuit
2026-02-17,2,SILVER,51780,BEUNE Joy,F,NED,Netherlands,Speed Skating,SSK,Women's Team Pursuit
2026-02-17,3,BRONZE,36075,TAKAGI Miho,F,JPN,Japan,Speed Skating,SSK,Women's Team Pursuit
2026-02-17,3,BRONZE,36069,HORIKAWA Momoka,F,JPN,Japan,Speed Skating,SSK,Women's Team Pursuit
2026-02-17,3,BRONZE,36070,NOAKE Hana,F,JPN,Japan,Speed Skating,SSK,Women's Team Pursuit
2026-02-17,3,BRONZE,36029,SATO Ayano,F,JPN,Japan,Speed Skating,SSK,Women's Team Pursuit
2026-02-18,1,GOLD,25496,SHIFFRIN Mikaela,F,USA,United States,Alpine Skiing,ALP,Women's Slalom
2026-02-18,2,SILVER,48626,RAST Camille,F,SUI,Switzerland,Alpine Skiing,ALP,Women's Slalom
2026-02-18,3,BRONZE,27521,SWENN LARSSON Anna,F,SWE,Sweden,Alpine Skiing,ALP,Women's Slalom
2026-02-18,1,GOLD,44694,SIMON Julia,F,FRA,France,Biathlon,BTH,Women's 4 x 6km Relay
2026-02-18,1,GOLD,44685,JEANMONNOT Lou,F,FRA,France,Biathlon,BTH,Women's 4 x 6km Relay
2026-02-18,1,GOLD,44690,MICHELON Oceane,F,FRA,France,Biathlon,BTH,Women's 4 x 6km Relay
2026-02-18,1,GOLD,44669,BENED Camille,F,FRA,France,Biathlon,BTH,Women's 4 x 6km Relay
2026-02-18,2,SILVER,21770,GESTBLOM Linn,F,SWE,Sweden,Biathlon,BTH,Women's 4 x 6km Relay
2026-02-18,2,SILVER,21779,MAGNUSSON Anna,F,SWE,Sweden,Biathlon,BTH,Women's 4 x 6km Relay
2026-02-18,2,SILVER,21785,OEBERG Elvira,F,SWE,Sweden,Biathlon,BTH,Women's 4 x 6km Relay
2026-02-18,2,SILVER,21794,OEBERG Hanna,F,SWE,Sweden,Biathlon,BTH,Women's 4 x 6km Relay
2026-02-18,3,BRONZE,42268,KIRKEEIDE Maren,F,NOR,Norway,Biathlon,BTH,Women's 4 x 6km Relay
2026-02-18,3,BRONZE,42265,ARNEKLEIV Juni,F,NOR,Norway,Biathlon,BTH,Women's 4 x 6km Relay
2026-02-18,3,BRONZE,42271,JOHANSEN Marthe Krakstad,F,NOR,Norway,Biathlon,BTH,Women's 4 x 6km Relay
2026-02-18,3,BRONZE,42267,KNOTTEN Karoline Offigstad,F,NOR,Norway,Biathlon,BTH,Women's 4 x 6km Relay
2026-02-18,1,GOLD,42284,KLAEBO Johannes Hoesflot,M,NOR,Norway,Cross-Country Skiing,CCS,Men's Team Sprint Free
2026-02-18,1,GOLD,42239,HEDEGART Einar,M,NOR,Norway,Cross-Country Skiing,CCS,Men's Team Sprint Free
2026-02-18,2,SILVER,23880,OGDEN Ben,M,USA,United States,Cross-Country Skiing,CCS,Men's Team Sprint Free
2026-02-18,2,SILVER,23877,SCHUMACHER Gus,M,USA,United States,Cross-Country Skiing,CCS,Men's Team Sprint Free
2026-02-18,3,BRONZE,22212,BARP Elia,M,ITA,Italy,Cross-Country Skiing,CCS,Men's Team Sprint Free
2026-02-18,3,BRONZE,26631,PELLEGRINO Federico,M,ITA,Italy,Cross-Country Skiing,CCS,Men's Team Sprint Free
2026-02-18,1,GOLD,30755,SUNDLING Jonna,F,SWE,Sweden,Cross-Country Skiing,CCS,Women's Team Sprint Free
2026-02-18,1,GOLD,30716,DAHLQVIST Maja,F,SWE,Sweden,Cross-Country Skiing,CCS,Women's Team Sprint Free
2026-02-18,2,SILVER,48454,KAELIN Nadja,F,SUI,Switzerland,Cross-Country Skiing,CCS,Women's Team Sprint Free
2026-02-18,2,SILVER,48354,FAEHNDRICH Nadine,F,SUI,Switzerland,Cross-Country Skiing,CCS,Women's Team Sprint Free
2026-02-18,3,BRONZE,41350,GIMMLER Laura,F,GER,Germany,Cross-Country Skiing,CCS,Women's Team Sprint Free
2026-02-18,3,BRONZE,41440,RYDZEK Coletta,F,GER,Germany,Cross-Country Skiing,CCS,Women's Team Sprint Free
2026-02-18,1,GOLD,50963,XU Mengtao,F,CHN,China,Freestyle Skiing,FRS,Women's Aerials
2026-02-18,2,SILVER,27324,SCOTT Danielle,F,AUS,Australia,Freestyle Skiing,FRS,Women's Aerials
2026-02-18,3,BRONZE,50965,SHAO Qi,F,CHN,China,Freestyle Skiing,FRS,Women's Aerials
2026-02-18,1,GOLD,48826,DUBOIS Steven,M,CAN,Canada,Short Track Speed Skating,STK,Men's 500m
2026-02-18,2,SILVER,51718,van 'T WOUT Melle,M,NED,Netherlands,Short Track Speed Skating,STK,Men's 500m
2026-02-18,3,BRONZE,51717,van 'T WOUT Jens,M,NED,Netherlands,Short Track Speed Skating,STK,Men's 500m
2026-02-18,1,GOLD,44450,KIM Gilli,F,KOR,Korea,Short Track Speed Skating,STK,Women's 3000m Relay
2026-02-18,1,GOLD,44449,CHOI Minjeong,F,KOR,Korea,Short Track Speed Skating,STK,Women's 3000m Relay
2026-02-18,1,GOLD,44452,LEE Soyeon,F,KOR,Korea,Short Track Speed Skating,STK,Women's 3000m Relay
2026-02-18,1,GOLD,44451,NOH Dohee,F,KOR,Korea,Short Track Speed Skating,STK,Women's 3000m Relay
2026-02-18,1,GOLD,44453,SHIM Sukhee,F,KOR,Korea,Short Track Speed Skating,STK,Women's 3000m Relay
2026-02-18,2,SILVER,22160,FONTANA Arianna,F,ITA,Italy,Short Track Speed Skating,STK,Women's 3000m Relay
2026-02-18,2,SILVER,22161,BETTI Chiara,F,ITA,Italy,Short Track Speed Skating,STK,Women's 3000m Relay
2026-02-18,2,SILVER,22159,CONFORTOLA Elisa,F,ITA,Italy,Short Track Speed Skating,STK,Women's 3000m Relay
2026-02-18,2,SILVER,22151,SIGHEL Arianna,F,ITA,Italy,Short Track Speed Skating,STK,Women's 3000m Relay
2026-02-18,3,BRONZE,48853,SARAULT Courtney,F,CAN,Canada,Short Track Speed Skating,STK,Women's 3000m Relay
2026-02-18,3,BRONZE,48813,BOUTIN Kim,F,CAN,Canada,Short Track Speed Skating,STK,Women's 3000m Relay
2026-02-18,3,BRONZE,48814,BRUNELLE Florence,F,CAN,Canada,Short Track Speed Skating,STK,Women's 3000m Relay
2026-02-18,3,BRONZE,48810,BLAIS Danae,F,CAN,Canada,Short Track Speed Skating,STK,Women's 3000m Relay
2026-02-18,1,GOLD,47418,SU Yiming,M,CHN,China,Snowboard,SBD,Men's Snowboard Slopestyle
2026-02-18,2,SILVER,42834,HASEGAWA Taiga,M,JPN,Japan,Snowboard,SBD,Men's Snowboard Slopestyle
2026-02-18,3,BRONZE,25544,CANTER Jake,M,USA,United States,Snowboard,SBD,Men's Snowboard Slopestyle
2026-02-18,1,GOLD,42829,FUKADA Mari,F,JPN,Japan,Snowboard,SBD,Women's Snowboard Slopestyle
2026-02-18,2,SILVER,20898,SADOWSKI SYNNOTT Zoi,F,NZL,New Zealand,Snowboard,SBD,Women's Snowboard Slopestyle
2026-02-18,3,BRONZE,42835,MURASE Kokomo,F,JPN,Japan,Snowboard,SBD,Women's Snowboard Slopestyle
2026-02-19,1,GOLD,24749,LIU Alysa,F,USA,United States,Figure Skating,FSK,Women Single Skating
2026-02-19,2,SILVER,46263,SAKAMOTO Kaori,F,JPN,Japan,Figure Skating,FSK,Women Single Skating
2026-02-19,3,BRONZE,46250,NAKAI Ami,F,JPN,Japan,Figure Skating,FSK,Women Single Skating
2026-02-19,1,GOLD,25106,BARNES Cayla,F,USA,United States,Ice Hockey,IHO,Women
2026-02-19,1,GOLD,25119,BILKA Hannah,F,USA,United States,Ice Hockey,IHO,Women
2026-02-19,1,GOLD,25093,CARPENTER Alex,F,USA,United States,Ice Hockey,IHO,Women
2026-02-19,1,GOLD,25131,COYNE Kendall,F,USA,United States,Ice Hockey,IHO,Women
2026-02-19,1,GOLD,25101,CURL Britta,F,USA,United States,Ice Hockey,IHO,Women
2026-02-19,1,GOLD,25125,DUNNE Joy,F,USA,United States,Ice Hockey,IHO,Women
2026-02-19,1,GOLD,25135,EDWARDS Laila,F,USA,United States,Ice Hockey,IHO,Women
2026-02-19,1,GOLD,25092,FRANKEL Aerin,F,USA,United States,Ice Hockey,IHO,Women
2026-02-19,1,GOLD,25149,GUILDAY Rory,F,USA,United States,Ice Hockey,IHO,Women
2026-02-19,1,GOLD,25103,HARVEY Caroline,F,USA,United States,Ice Hockey,IHO,Women
2026-02-19,1,GOLD,25155,HEISE Taylor,F,USA,United States,Ice Hockey,IHO,Women
2026-02-19,1,GOLD,25156,JANECKE Tessa,F,USA,United States,Ice Hockey,IHO,Women
2026-02-19,1,GOLD,25146,KELLER Megan,F,USA,United States,Ice Hockey,IHO,Women
2026-02-19,1,GOLD,25121,KNIGHT Hilary,F,USA,United States,Ice Hockey,IHO,Women
2026-02-19,1,GOLD,25091,MURPHY Abbey,F,USA,United States,Ice Hockey,IHO,Women
2026-02-19,1,GOLD,25100,McNAUGHTON Ava,F,USA,United States,Ice Hockey,IHO,Women
2026-02-19,1,GOLD,25130,PANNEK Kelly,F,USA,United States,Ice Hockey,IHO,Women
2026-02-19,1,GOLD,25117,PHILIPS Gwyneth,F,USA,United States,Ice Hockey,IHO,Women
2026-02-19,1,GOLD,25120,SCAMURRA Hayley,F,USA,United States,Ice Hockey,IHO,Women
2026-02-19,1,GOLD,25133,SIMMS Kirsten,F,USA,United States,Ice Hockey,IHO,Women
2026-02-19,1,GOLD,25138,STECKLEIN Lee,F,USA,United States,Ice Hockey,IHO,Women
2026-02-19,1,GOLD,47311,WINN Haley,F,USA,United States,Ice Hockey,IHO,Women
2026-02-19,1,GOLD,25116,ZUMWINKLE Grace,F,USA,United States,Ice Hockey,IHO,Women
2026-02-19,2,SILVER,53921,AMBROSE Erin,F,CAN,Canada,Ice Hockey,IHO,Women
2026-02-19,2,SILVER,53934,CLARK Emily,F,CAN,Canada,Ice Hockey,IHO,Women
2026-02-19,2,SILVER,53939,DESBIENS Ann-Renee,F,CAN,Canada,Ice Hockey,IHO,Women
2026-02-19,2,SILVER,53941,FAST Renata,F,CAN,Canada,Ice Hockey,IHO,Women
2026-02-19,2,SILVER,53942,FILLIER Sarah,F,CAN,Canada,Ice Hockey,IHO,Women
2026-02-19,2,SILVER,53943,GARDINER Jennifer,F,CAN,Canada,Ice Hockey,IHO,Women
2026-02-19,2,SILVER,53946,GOSLING Julia,F,CAN,Canada,Ice Hockey,IHO,Women
2026-02-19,2,SILVER,53949,JAQUES Sophie,F,CAN,Canada,Ice Hockey,IHO,Women
2026-02-19,2,SILVER,53950,JENNER Brianne,F,CAN,Canada,Ice Hockey,IHO,Women
2026-02-19,2,SILVER,53957,LAROCQUE Jocelyne,F,CAN,Canada,Ice Hockey,IHO,Women
2026-02-19,2,SILVER,53960,MALTAIS Emma,F,CAN,Canada,Ice Hockey,IHO,Women
2026-02-19,2,SILVER,53961,MASCHMEYER Emerance,F,CAN,Canada,Ice Hockey,IHO,Women
2026-02-19,2,SILVER,53969,NURSE Sarah,F,CAN,Canada,Ice Hockey,IHO,Women
2026-02-19,2,SILVER,53970,O'NEILL Kristin,F,CAN,Canada,Ice Hockey,IHO,Women
2026-02-19,2,SILVER,53971,OSBORNE Kayle,F,CAN,Canada,Ice Hockey,IHO,Women
2026-02-19,2,SILVER,53974,POULIN Marie-Philip,F,CAN,Canada,Ice Hockey,IHO,Women
2026-02-19,2,SILVER,53988,SHELTON Ella,F,CAN,Canada,Ice Hockey,IHO,Women
2026-02-19,2,SILVER,53992,SPOONER Natalie,F,CAN,Canada,Ice Hockey,IHO,Women
2026-02-19,2,SILVER,53993,STACEY Laura,F,CAN,Canada,Ice Hockey,IHO,Women
2026-02-19,2,SILVER,53995,TABIN Kati,F,CAN,Canada,Ice Hockey,IHO,Women
2026-02-19,2,SILVER,53996,THOMPSON Claire,F,CAN,Canada,Ice Hockey,IHO,Women
2026-02-19,2,SILVER,53999,TURNBULL Blayre,F,CAN,Canada,Ice Hockey,IHO,Women
2026-02-19,2,SILVER,54001,WATTS Daryl,F,CAN,Canada,Ice Hockey,IHO,Women
2026-02-19,3,BRONZE,48268,BAECHLER Alessia,F,SUI,Switzerland,Ice Hockey,IHO,Women
2026-02-19,3,BRONZE,48272,BALZER Leoni,F,SUI,Switzerland,Ice Hockey,IHO,Women
2026-02-19,3,BRONZE,48300,BRAENDLI Andrea,F,SUI,Switzerland,Ice Hockey,IHO,Women
2026-02-19,3,BRONZE,48304,BUCHI Annic,F,SUI,Switzerland,Ice Hockey,IHO,Women
2026-02-19,3,BRONZE,48323,CHRISTEN Lara,F,SUI,Switzerland,Ice Hockey,IHO,Women
2026-02-19,3,BRONZE,48353,ENZLER Rahel,F,SUI,Switzerland,Ice Hockey,IHO,Women
2026-02-19,3,BRONZE,48420,HERZIG Naemi,F,SUI,Switzerland,Ice Hockey,IHO,Women
2026-02-19,3,BRONZE,48486,LEEMANN Sinja,F,SUI,Switzerland,Ice Hockey,IHO,Women
2026-02-19,3,BRONZE,48501,LUTZ Lena Marie,F,SUI,Switzerland,Ice Hockey,IHO,Women
2026-02-19,3,BRONZE,48559,MARTI Alina,F,SUI,Switzerland,Ice Hockey,IHO,Women
2026-02-19,3,BRONZE,48566,MAURER Saskia,F,SUI,Switzerland,Ice Hockey,IHO,Women
2026-02-19,3,BRONZE,48573,MERIGUET Laure,F,SUI,Switzerland,Ice Hockey,IHO,Women
2026-02-19,3,BRONZE,48593,MULLER Alina,F,SUI,Switzerland,Ice Hockey,IHO,Women
2026-02-19,3,BRONZE,48623,QUENNEC Kaleigh,F,SUI,Switzerland,Ice Hockey,IHO,Women
2026-02-19,3,BRONZE,48654,RUEDI Lisa,F,SUI,Switzerland,Ice Hockey,IHO,Women
2026-02-19,3,BRONZE,48660,SCHAEFER Vanessa,F,SUI,Switzerland,Ice Hockey,IHO,Women
2026-02-19,3,BRONZE,48684,SIGRIST Shannon,F,SUI,Switzerland,Ice Hockey,IHO,Women
2026-02-19,3,BRONZE,48698,STALDER Lara,F,SUI,Switzerland,Ice Hockey,IHO,Women
2026-02-19,3,BRONZE,48721,VALLARIO Nicole,F,SUI,Switzerland,Ice Hockey,IHO,Women
2026-02-19,3,BRONZE,48734,WAGNER Monja,F,SUI,Switzerland,Ice Hockey,IHO,Women
2026-02-19,3,BRONZE,48745,WETLI Stefanie,F,SUI,Switzerland,Ice Hockey,IHO,Women
2026-02-19,3,BRONZE,48746,WEY Ivana,F,SUI,Switzerland,Ice Hockey,IHO,Women
2026-02-19,3,BRONZE,48764,ZIMMERMANN Laura,F,SUI,Switzerland,Ice Hockey,IHO,Women
2026-02-19,1,GOLD,42330,OFTEBRO Jens Luraas,M,NOR,Norway,Nordic Combined,NCB,Team Sprint
2026-02-19,1,GOLD,51288,SKOGLUND Andreas,M,NOR,Norway,Nordic Combined,NCB,Team Sprint
2026-02-19,2,SILVER,45070,HEROLA Ilkka,M,FIN,Finland,Nordic Combined,NCB,Team Sprint
2026-02-19,2,SILVER,45071,HIRVONEN Eero,M,FIN,Finland,Nordic Combined,NCB,Team Sprint
2026-02-19,3,BRONZE,19966,LAMPARTER Johannes,M,AUT,Austria,Nordic Combined,NCB,Team Sprint
2026-02-19,3,BRONZE,19975,RETTENEGGER Stefan,M,AUT,Austria,Nordic Combined,NCB,Team Sprint
2026-02-19,1,GOLD,21674,CARDONA COLL Oriol,M,ESP,Spain,Ski Mountaineering,SMT,Men's Sprint
2026-02-19,2,SILVER,85611,FILIPPOV Nikita,M,AIN,AIN,Ski Mountaineering,SMT,Men's Sprint
2026-02-19,3,BRONZE,40545,ANSELMET Thibault,M,FRA,France,Ski Mountaineering,SMT,Men's Sprint
2026-02-19,1,GOLD,48356,FATTON Marianne,F,SUI,Switzerland,Ski Mountaineering,SMT,Women's Sprint
2026-02-19,2,SILVER,40544,HARROP Emily,F,FRA,France,Ski Mountaineering,SMT,Women's Sprint
2026-02-19,3,BRONZE,21673,ALONSO RODRIGUEZ Ana,F,ESP,Spain,Ski Mountaineering,SMT,Women's Sprint
2026-02-19,1,GOLD,39871,NING Zhongyan,M,CHN,China,Speed Skating,SSK,Men's 1500m
2026-02-19,2,SILVER,26864,STOLZ Jordan,M,USA,United States,Speed Skating,SSK,Men's 1500m
2026-02-19,3,BRONZE,51797,NUIS Kjeld,M,NED,Netherlands,Speed Skating,SSK,Men's 1500m
2026-02-20,1,GOLD,42243,DALE-SKJEVDAL Johannes,M,NOR,Norway,Biathlon,BTH,Men's 15km Mass Start
2026-02-20,2,SILVER,42254,LAEGREID Sturla Holm,M,NOR,Norway,Biathlon,BTH,Men's 15km Mass Start
2026-02-20,3,BRONZE,46398,FILLON MAILLET Quentin,M,FRA,France,Biathlon,BTH,Men's 15km Mass Start
2026-02-20,3,BRONZE,48480,LACHAT-COUCHEPIN Pablo,M,SUI,Switzerland,Curling,CUR,Men
2026-02-20,3,BRONZE,48579,MICHEL Sven,M,SUI,Switzerland,Curling,CUR,Men
2026-02-20,3,BRONZE,48675,SCHWALLER Kim,M,SUI,Switzerland,Curling,CUR,Men
2026-02-20,3,BRONZE,48674,SCHWALLER Yannick,M,SUI,Switzerland,Curling,CUR,Men
2026-02-20,3,BRONZE,48678,SCHWARZ-van BERKEL Benoit,M,SUI,Switzerland,Curling,CUR,Men
2026-02-20,1,GOLD,50970,WANG Xindi,M,CHN,China,Freestyle Skiing,FRS,Men's Aerials
2026-02-20,2,SILVER,48652,ROTH Noe,M,SUI,Switzerland,Freestyle Skiing,FRS,Men's Aerials
2026-02-20,3,BRONZE,50972,LI Tianma,M,CHN,China,Freestyle Skiing,FRS,Men's Aerials
2026-02-20,1,GOLD,24020,FERREIRA Alex,M,USA,United States,Freestyle Skiing,FRS,Men's Freeski Halfpipe
2026-02-20,2,SILVER,44080,SILDARU Henry,M,EST,Estonia,Freestyle Skiing,FRS,Men's Freeski Halfpipe
2026-02-20,3,BRONZE,53467,MACKAY Brendan,M,CAN,Canada,Freestyle Skiing,FRS,Men's Freeski Halfpipe
2026-02-20,1,GOLD,41407,MAIER Daniela,F,GER,Germany,Freestyle Skiing,FRS,Women's Ski Cross
2026-02-20,2,SILVER,48691,SMITH Fanny,F,SUI,Switzerland,Freestyle Skiing,FRS,Women's Ski Cross
2026-02-20,3,BRONZE,22023,NAESLUND Sandra,F,SWE,Sweden,Freestyle Skiing,FRS,Women's Ski Cross
2026-02-20,1,GOLD,51717,van 'T WOUT Jens,M,NED,Netherlands,Short Track Speed Skating,STK,Men's 5000m Relay
2026-02-20,1,GOLD,51718,van 'T WOUT Melle,M,NED,Netherlands,Short Track Speed Skating,STK,Men's 5000m Relay
2026-02-20,1,GOLD,51709,BOER Teun,M,NED,Netherlands,Short Track Speed Skating,STK,Men's 5000m Relay
2026-02-20,1,GOLD,51710,EMONS Friso,M,NED,Netherlands,Short Track Speed Skating,STK,Men's 5000m Relay
2026-02-20,1,GOLD,51714,de LAAT Itzhak,M,NED,Netherlands,Short Track Speed Skating,STK,Men's 5000m Relay
2026-02-20,2,SILVER,44461,HWANG Daeheon,M,KOR,Korea,Short Track Speed Skating,STK,Men's 5000m Relay
2026-02-20,2,SILVER,44460,RIM Jongun,M,KOR,Korea,Short Track Speed Skating,STK,Men's 5000m Relay
2026-02-20,2,SILVER,44463,LEE Jeongmin,M,KOR,Korea,Short Track Speed Skating,STK,Men's 5000m Relay
2026-02-20,2,SILVER,44464,LEE Juneseo,M,KOR,Korea,Short Track Speed Skating,STK,Men's 5000m Relay
2026-02-20,2,SILVER,44462,SHIN Dong Min,M,KOR,Korea,Short Track Speed Skating,STK,Men's 5000m Relay
2026-02-20,3,BRONZE,22152,NADALINI Thomas,M,ITA,Italy,Short Track Speed Skating,STK,Men's 5000m Relay
2026-02-20,3,BRONZE,22150,SIGHEL Pietro,M,ITA,Italy,Short Track Speed Skating,STK,Men's 5000m Relay
2026-02-20,3,BRONZE,22154,SPECHENHAUSER Luca,M,ITA,Italy,Short Track Speed Skating,STK,Men's 5000m Relay
2026-02-20,3,BRONZE,22157,CASSINELLI Andrea,M,ITA,Italy,Short Track Speed Skating,STK,Men's 5000m Relay
2026-02-20,1,GOLD,44450,KIM Gilli,F,KOR,Korea,Short Track Speed Skating,STK,Women's 1500m
2026-02-20,2,SILVER,44449,CHOI Minjeong,F,KOR,Korea,Short Track Speed Skating,STK,Women's 1500m
2026-02-20,3,BRONZE,26848,STODDARD Corinne,F,USA,United States,Short Track Speed Skating,STK,Women's 1500m
2026-02-20,1,GOLD,51793,RIJPMA-de JONG Antoinette,F,NED,Netherlands,Speed Skating,SSK,Women's 1500m
2026-02-20,2,SILVER,42383,WIKLUND Ragne,F,NOR,Norway,Speed Skating,SSK,Women's 1500m
2026-02-20,3,BRONZE,44030,MALTAIS Valerie,F,CAN,Canada,Speed Skating,SSK,Women's 1500m
2026-02-21,1,GOLD,44690,MICHELON Oceane,F,FRA,France,Biathlon,BTH,Women's 12.5km Mass Start
2026-02-21,2,SILVER,44694,SIMON Julia,F,FRA,France,Biathlon,BTH,Women's 12.5km Mass Start
2026-02-21,3,BRONZE,43022,VOBORNIKOVA Tereza,F,CZE,Czechia,Biathlon,BTH,Women's 12.5km Mass Start
2026-02-21,1,GOLD,20106,NOLTE Laura,F,GER,Germany,Bobsleigh,BOB,2-woman
2026-02-21,1,GOLD,20091,LEVI Deborah,F,GER,Germany,Bobsleigh,BOB,2-woman
2026-02-21,2,SILVER,20040,BUCKWITZ Lisa,F,GER,Germany,Bobsleigh,BOB,2-woman
2026-02-21,2,SILVER,20126,SCHUTEN Neele,F,GER,Germany,Bobsleigh,BOB,2-woman
2026-02-21,3,BRONZE,23320,ARMBRUSTER HUMPHRIES Kaillie,F,USA,United States,Bobsleigh,BOB,2-woman
2026-02-21,3,BRONZE,23312,JONES Jasmine,F,USA,United States,Bobsleigh,BOB,2-woman
2026-02-21,1,GOLD,42284,KLAEBO Johannes Hoesflot,M,NOR,Norway,Cross-Country Skiing,CCS,Men's 50km Mass Start Classic
2026-02-21,2,SILVER,42285,NYENGET Martin Loewstroem,M,NOR,Norway,Cross-Country Skiing,CCS,Men's 50km Mass Start Classic
2026-02-21,3,BRONZE,139897,IVERSEN Emil,M,NOR,Norway,Cross-Country Skiing,CCS,Men's 50km Mass Start Classic
2026-02-21,1,GOLD,53214,GALLANT Brett,M,CAN,Canada,Curling,CUR,Men
2026-02-21,1,GOLD,53226,HEBERT Ben,M,CAN,Canada,Curling,CUR,Men
2026-02-21,1,GOLD,53237,JACOBS Brad,M,CAN,Canada,Curling,CUR,Men
2026-02-21,1,GOLD,53244,KENNEDY Marc,M,CAN,Canada,Curling,CUR,Men
2026-02-21,1,GOLD,53320,TARDI Tyler,M,CAN,Canada,Curling,CUR,Men
2026-02-21,2,SILVER,37138,HARDIE Grant,M,GBR,Great Britain,Curling,CUR,Men
2026-02-21,2,SILVER,37142,LAMMIE Bobby,M,GBR,Great Britain,Curling,CUR,Men
2026-02-21,2,SILVER,37147,MOUAT Bruce,M,GBR,Great Britain,Curling,CUR,Men
2026-02-21,2,SILVER,37145,McMILLAN Hammy,M,GBR,Great Britain,Curling,CUR,Men
2026-02-21,2,SILVER,37151,WADDELL Kyle,M,GBR,Great Britain,Curling,CUR,Men
2026-02-21,3,BRONZE,53183,BROWN Rachel,F,CAN,Canada,Curling,CUR,Women
2026-02-21,3,BRONZE,53213,FLEURY Tracy,F,CAN,Canada,Curling,CUR,Women
2026-02-21,3,BRONZE,53218,HOMAN Rachel,F,CAN,Canada,Curling,CUR,Women
2026-02-21,3,BRONZE,53279,MISKEW Emma,F,CAN,Canada,Curling,CUR,Women
2026-02-21,3,BRONZE,53331,WILKES Sarah,F,CAN,Canada,Curling,CUR,Women
2026-02-21,1,GOLD,22753,DEROMEDIS Simone,M,ITA,Italy,Freestyle Skiing,FRS,Men's Ski Cross
2026-02-21,2,SILVER,22755,TOMASONI Federico,M,ITA,Italy,Freestyle Skiing,FRS,Men's Ski Cross
2026-02-21,3,BRONZE,48362,FIVA Alex,M,SUI,Switzerland,Freestyle Skiing,FRS,Men's Ski Cross
2026-02-21,1,GOLD,24141,CURRAN Connor,M,USA,United States,Freestyle Skiing,FRS,Mixed Team Aerials
2026-02-21,1,GOLD,24162,KUHN Kaila,F,USA,United States,Freestyle Skiing,FRS,Mixed Team Aerials
2026-02-21,1,GOLD,24139,LILLIS Christopher,M,USA,United States,Freestyle Skiing,FRS,Mixed Team Aerials
2026-02-21,2,SILVER,48652,ROTH Noe,M,SUI,Switzerland,Freestyle Skiing,FRS,Mixed Team Aerials
2026-02-21,2,SILVER,48473,KOZOMARA Lina,F,SUI,Switzerland,Freestyle Skiing,FRS,Mixed Team Aerials
2026-02-21,2,SILVER,48743,WERNER Pirmin,M,SUI,Switzerland,Freestyle Skiing,FRS,Mixed Team Aerials
2026-02-21,3,BRONZE,50970,WANG Xindi,M,CHN,China,Freestyle Skiing,FRS,Mixed Team Aerials
2026-02-21,3,BRONZE,50963,XU Mengtao,F,CHN,China,Freestyle Skiing,FRS,Mixed Team Aerials
2026-02-21,3,BRONZE,50972,LI Tianma,M,CHN,China,Freestyle Skiing,FRS,Mixed Team Aerials
2026-02-21,3,BRONZE,45885,AHO Sebastian,M,FIN,Finland,Ice Hockey,IHO,Men
2026-02-21,3,BRONZE,45887,ARMIA Joel,M,FIN,Finland,Ice Hockey,IHO,Men
2026-02-21,3,BRONZE,50540,GRANLUND Mikael,M,FIN,Finland,Ice Hockey,IHO,Men
2026-02-21,3,BRONZE,45894,HAULA Erik,M,FIN,Finland,Ice Hockey,IHO,Men
2026-02-21,3,BRONZE,45896,HEISKANEN Miro,M,FIN,Finland,Ice Hockey,IHO,Men
2026-02-21,3,BRONZE,45900,HINTZ Roope,M,FIN,Finland,Ice Hockey,IHO,Men
2026-02-21,3,BRONZE,45906,JOKIHARJU Henri,M,FIN,Finland,Ice Hockey,IHO,Men
2026-02-21,3,BRONZE,45908,KAKKO Kaapo,M,FIN,Finland,Ice Hockey,IHO,Men
2026-02-21,3,BRONZE,45909,KAPANEN Oliver,M,FIN,Finland,Ice Hockey,IHO,Men
2026-02-21,3,BRONZE,45911,KIVIRANTA Joel,M,FIN,Finland,Ice Hockey,IHO,Men
2026-02-21,3,BRONZE,45915,KORPISALO Joonas,M,FIN,Finland,Ice Hockey,IHO,Men
2026-02-21,3,BRONZE,45922,LANKINEN Kevin,M,FIN,Finland,Ice Hockey,IHO,Men
2026-02-21,3,BRONZE,45924,LEHKONEN Artturi,M,FIN,Finland,Ice Hockey,IHO,Men
2026-02-21,3,BRONZE,45926,LEHTONEN Mikko,M,FIN,Finland,Ice Hockey,IHO,Men
2026-02-21,3,BRONZE,45928,LINDELL Esa,M,FIN,Finland,Ice Hockey,IHO,Men
2026-02-21,3,BRONZE,45929,LUNDELL Anton,M,FIN,Finland,Ice Hockey,IHO,Men
2026-02-21,3,BRONZE,45930,LUOSTARINEN Eetu,M,FIN,Finland,Ice Hockey,IHO,Men
2026-02-21,3,BRONZE,45931,MAATTA Olli,M,FIN,Finland,Ice Hockey,IHO,Men
2026-02-21,3,BRONZE,45935,MATINPALO Nikolas,M,FIN,Finland,Ice Hockey,IHO,Men
2026-02-21,3,BRONZE,45938,MIKKOLA Niko,M,FIN,Finland,Ice Hockey,IHO,Men
2026-02-21,3,BRONZE,45951,RANTANEN Mikko,M,FIN,Finland,Ice Hockey,IHO,Men
2026-02-21,3,BRONZE,45953,RISTOLAINEN Rasmus,M,FIN,Finland,Ice Hockey,IHO,Men
2026-02-21,3,BRONZE,45958,SAROS Juuse,M,FIN,Finland,Ice Hockey,IHO,Men
2026-02-21,3,BRONZE,45959,TERAVAINEN Teuvo,M,FIN,Finland,Ice Hockey,IHO,Men
2026-02-21,3,BRONZE,45961,TOLVANEN Eeli,M,FIN,Finland,Ice Hockey,IHO,Men
2026-02-21,1,GOLD,40544,HARROP Emily,F,FRA,France,Ski Mountaineering,SMT,Mixed Relay
2026-02-21,1,GOLD,40545,ANSELMET Thibault,M,FRA,France,Ski Mountaineering,SMT,Mixed Relay
2026-02-21,2,SILVER,48356,FATTON Marianne,F,SUI,Switzerland,Ski Mountaineering,SMT,Mixed Relay
2026-02-21,2,SILVER,48465,KISTLER Jon,M,SUI,Switzerland,Ski Mountaineering,SMT,Mixed Relay
2026-02-21,3,BRONZE,21674,CARDONA COLL Oriol,M,ESP,Spain,Ski Mountaineering,SMT,Mixed Relay
2026-02-21,3,BRONZE,21673,ALONSO RODRIGUEZ Ana,F,ESP,Spain,Ski Mountaineering,SMT,Mixed Relay
2026-02-21,1,GOLD,51770,BERGSMA Jorrit,M,NED,Netherlands,Speed Skating,SSK,Men's Mass Start
2026-02-21,2,SILVER,37179,THORUP Viktor Hald,M,DEN,Denmark,Speed Skating,SSK,Men's Mass Start
2026-02-21,3,BRONZE,22173,GIOVANNINI Andrea,M,ITA,Italy,Speed Skating,SSK,Men's Mass Start
2026-02-21,1,GOLD,51774,GROENEWOUD Marijke,F,NED,Netherlands,Speed Skating,SSK,Women's Mass Start
2026-02-21,2,SILVER,43996,BLONDIN Ivanie,F,CAN,Canada,Speed Skating,SSK,Women's Mass Start
2026-02-21,3,BRONZE,26882,MANGANELLO Mia,F,USA,United States,Speed Skating,SSK,Women's Mass Start
2026-02-22,1,GOLD,20055,FLEISCHHAUER Georg,M,GER,Germany,Bobsleigh,BOB,4-man
2026-02-22,1,GOLD,20095,LOCHNER Johannes,M,GER,Germany,Bobsleigh,BOB,4-man
2026-02-22,1,GOLD,20099,MARGIS Thorsten,M,GER,Germany,Bobsleigh,BOB,4-man
2026-02-22,1,GOLD,20140,WENZEL Jorn,M,GER,Germany,Bobsleigh,BOB,4-man
2026-02-22,2,SILVER,20057,FRIEDRICH Francesco,M,GER,Germany,Bobsleigh,BOB,4-man
2026-02-22,2,SILVER,20125,SCHULLER Alexander,M,GER,Germany,Bobsleigh,BOB,4-man
2026-02-22,2,SILVER,20130,SOMMER Matthias,M,GER,Germany,Bobsleigh,BOB,4-man
2026-02-22,2,SILVER,20132,STRAUB Felix,M,GER,Germany,Bobsleigh,BOB,4-man
2026-02-22,3,BRONZE,48251,AEBERHARD Mario,M,SUI,Switzerland,Bobsleigh,BOB,4-man
2026-02-22,3,BRONZE,48401,HAAS Andreas,M,SUI,Switzerland,Bobsleigh,BOB,4-man
2026-02-22,3,BRONZE,48601,NDIAYE Amadou David,M,SUI,Switzerland,Bobsleigh,BOB,4-man
2026-02-22,3,BRONZE,48727,VOGT Michael,M,SUI,Switzerland,Bobsleigh,BOB,4-man
2026-02-22,1,GOLD,30707,ANDERSSON Ebba,F,SWE,Sweden,Cross-Country Skiing,CCS,Women's 50km Mass Start Classic
2026-02-22,2,SILVER,42290,WENG Heidi,F,NOR,Norway,Cross-Country Skiing,CCS,Women's 50km Mass Start Classic
2026-02-22,3,BRONZE,48454,KAELIN Nadja,F,SUI,Switzerland,Cross-Country Skiing,CCS,Women's 50km Mass Start Classic
2026-02-22,1,GOLD,21531,HASSELBORG Anna,F,SWE,Sweden,Curling,CUR,Women
2026-02-22,1,GOLD,21536,HELDIN Johanna,F,SWE,Sweden,Curling,CUR,Women
2026-02-22,1,GOLD,21530,KNOCHENHAUER Agnes,F,SWE,Sweden,Curling,CUR,Women
2026-02-22,1,GOLD,21532,McMANUS Sara,F,SWE,Sweden,Curling,CUR,Women
2026-02-22,1,GOLD,21537,SCHARBACK Sofia,F,SWE,Sweden,Curling,CUR,Women
2026-02-22,2,SILVER,48283,BERSET Stefanie,F,SUI,Switzerland,Curling,CUR,Women
2026-02-22,2,SILVER,48431,HOWALD Carole,F,SUI,Switzerland,Curling,CUR,Women
2026-02-22,2,SILVER,48610,PAETZ Alina,F,SUI,Switzerland,Curling,CUR,Women
2026-02-22,2,SILVER,48714,TIRINZONI Silvana,F,SUI,Switzerland,Curling,CUR,Women
2026-02-22,2,SILVER,48756,WITSCHONKE Selina,F,SUI,Switzerland,Curling,CUR,Women
2026-02-22,1,GOLD,40014,GU Ailing Eileen,F,CHN,China,Freestyle Skiing,FRS,Women's Freeski Halfpipe
2026-02-22,2,SILVER,39851,LI Fanghui,F,CHN,China,Freestyle Skiing,FRS,Women's Freeski Halfpipe
2026-02-22,3,BRONZE,39326,ATKIN Zoe,F,GBR,Great Britain,Freestyle Skiing,FRS,Women's Freeski Halfpipe
2026-02-22,1,GOLD,25049,BOLDY Matt,M,USA,United States,Ice Hockey,IHO,Men
2026-02-22,1,GOLD,25044,CONNOR Kyle,M,USA,United States,Ice Hockey,IHO,Men
2026-02-22,1,GOLD,25041,EICHEL Jack,M,USA,United States,Ice Hockey,IHO,Men
2026-02-22,1,GOLD,25019,FABER Brock,M,USA,United States,Ice Hockey,IHO,Men
2026-02-22,1,GOLD,25034,GUENTZEL Jake,M,USA,United States,Ice Hockey,IHO,Men
2026-02-22,1,GOLD,25053,HANIFIN Noah,M,USA,United States,Ice Hockey,IHO,Men
2026-02-22,1,GOLD,25025,HELLEBUYCK Connor,M,USA,United States,Ice Hockey,IHO,Men
2026-02-22,1,GOLD,25032,HUGHES Jack,M,USA,United States,Ice Hockey,IHO,Men
2026-02-22,1,GOLD,25055,HUGHES Quinn,M,USA,United States,Ice Hockey,IHO,Men
2026-02-22,1,GOLD,25023,KELLER Clayton,M,USA,United States,Ice Hockey,IHO,Men
2026-02-22,1,GOLD,25029,LARKIN Dylan,M,USA,United States,Ice Hockey,IHO,Men
2026-02-22,1,GOLD,25033,LaCOMBE Jackson,M,USA,United States,Ice Hockey,IHO,Men
2026-02-22,1,GOLD,25012,MATTHEWS Auston,M,USA,United States,Ice Hockey,IHO,Men
2026-02-22,1,GOLD,25042,MILLER JT,M,USA,United States,Ice Hockey,IHO,Men
2026-02-22,1,GOLD,25021,McAVOY Charlie,M,USA,United States,Ice Hockey,IHO,Men
2026-02-22,1,GOLD,25017,NELSON Brock,M,USA,United States,Ice Hockey,IHO,Men
2026-02-22,1,GOLD,25036,OETTINGER Jake,M,USA,United States,Ice Hockey,IHO,Men
2026-02-22,1,GOLD,25035,SANDERSON Jake,M,USA,United States,Ice Hockey,IHO,Men
2026-02-22,1,GOLD,25031,SLAVIN Jaccob,M,USA,United States,Ice Hockey,IHO,Men
2026-02-22,1,GOLD,25039,SWAYMAN Jeremy,M,USA,United States,Ice Hockey,IHO,Men
2026-02-22,1,GOLD,25059,THOMPSON Tage,M,USA,United States,Ice Hockey,IHO,Men
2026-02-22,1,GOLD,25014,TKACHUK Brady,M,USA,United States,Ice Hockey,IHO,Men
2026-02-22,1,GOLD,25048,TKACHUK Matthew,M,USA,United States,Ice Hockey,IHO,Men
2026-02-22,1,GOLD,25062,TROCHECK Vincent,M,USA,United States,Ice Hockey,IHO,Men
2026-02-22,1,GOLD,25063,WERENSKI Zach,M,USA,United States,Ice Hockey,IHO,Men
2026-02-22,2,SILVER,53796,BENNETT Sam,M,CAN,Canada,Ice Hockey,IHO,Men
2026-02-22,2,SILVER,53797,BINNINGTON Jordan,M,CAN,Canada,Ice Hockey,IHO,Men
2026-02-22,2,SILVER,53804,CELEBRINI Macklin,M,CAN,Canada,Ice Hockey,IHO,Men
2026-02-22,2,SILVER,53811,CROSBY Sidney,M,CAN,Canada,Ice Hockey,IHO,Men
2026-02-22,2,SILVER,53817,DOUGHTY Drew,M,CAN,Canada,Ice Hockey,IHO,Men
2026-02-22,2,SILVER,53840,HAGEL Brandon,M,CAN,Canada,Ice Hockey,IHO,Men
2026-02-22,2,SILVER,53843,HARLEY Thomas,M,CAN,Canada,Ice Hockey,IHO,Men
2026-02-22,2,SILVER,53847,HORVAT Bo,M,CAN,Canada,Ice Hockey,IHO,Men
2026-02-22,2,SILVER,53851,JARVIS Seth,M,CAN,Canada,Ice Hockey,IHO,Men
2026-02-22,2,SILVER,53858,KUEMPER Darcy,M,CAN,Canada,Ice Hockey,IHO,Men
2026-02-22,2,SILVER,53863,MAKAR Cale,M,CAN,Canada,Ice Hockey,IHO,Men
2026-02-22,2,SILVER,53864,MARCHAND Brad,M,CAN,Canada,Ice Hockey,IHO,Men
2026-02-22,2,SILVER,53866,MARNER Mitch,M,CAN,Canada,Ice Hockey,IHO,Men
2026-02-22,2,SILVER,53877,MORRISSEY Josh,M,CAN,Canada,Ice Hockey,IHO,Men
2026-02-22,2,SILVER,53862,MacKINNON Nathan,M,CAN,Canada,Ice Hockey,IHO,Men
2026-02-22,2,SILVER,53868,McDAVID Connor,M,CAN,Canada,Ice Hockey,IHO,Men
2026-02-22,2,SILVER,53884,PARAYKO Colton,M,CAN,Canada,Ice Hockey,IHO,Men
2026-02-22,2,SILVER,53890,REINHART Sam,M,CAN,Canada,Ice Hockey,IHO,Men
2026-02-22,2,SILVER,53893,SANHEIM Travis,M,CAN,Canada,Ice Hockey,IHO,Men
2026-02-22,2,SILVER,53899,STONE Mark,M,CAN,Canada,Ice Hockey,IHO,Men
2026-02-22,2,SILVER,53901,SUZUKI Nick,M,CAN,Canada,Ice Hockey,IHO,Men
2026-02-22,2,SILVER,53905,THEODORE Shea,M,CAN,Canada,Ice Hockey,IHO,Men
2026-02-22,2,SILVER,53907,THOMPSON Logan,M,CAN,Canada,Ice Hockey,IHO,Men
2026-02-22,2,SILVER,53910,TOEWS Devon,M,CAN,Canada,Ice Hockey,IHO,Men
2026-02-22,2,SILVER,53914,WILSON Tom,M,CAN,Canada,Ice Hockey,IHO,Men
